fecha,producto,precio
2023-02-17,pan_frances,995.14
2023-02-18,pan_frances,995.14
2023-02-20,pan_frances,995.14
2023-02-21,pan_frances,995.14
2023-02-22,pan_frances,995.14
2023-02-23,pan_frances,995.14
2023-02-24,pan_frances,995.14
2023-02-25,pan_frances,995.14
2023-02-26,pan_frances,995.14
2023-02-27,pan_frances,995.14
2023-02-28,pan_frances,995.14
2023-03-01,pan_frances,1027.14
2023-03-02,pan_frances,1027.14
2023-03-03,pan_frances,1027.14
2023-03-04,pan_frances,1027.14
2023-03-05,pan_frances,1027.14
2023-03-06,pan_frances,1027.14
2023-03-07,pan_frances,1027.14
2023-03-08,pan_frances,1027.14
2023-03-09,pan_frances,1027.14
2023-03-10,pan_frances,1027.14
2023-03-11,pan_frances,1027.14
2023-03-12,pan_frances,1027.14
2023-03-13,pan_frances,1027.14
2023-03-14,pan_frances,1027.14
2023-03-15,pan_frances,1027.14
2023-03-16,pan_frances,1027.14
2023-03-17,pan_frances,1027.14
2023-03-18,pan_frances,1027.14
2023-02-17,galletitas_dulces,192.49
2023-02-18,galletitas_dulces,192.49
2023-02-20,galletitas_dulces,192.49
2023-02-21,galletitas_dulces,192.49
2023-02-22,galletitas_dulces,192.49
2023-02-23,galletitas_dulces,192.49
2023-02-24,galletitas_dulces,192.49
2023-02-25,galletitas_dulces,192.49
2023-02-26,galletitas_dulces,192.49
2023-02-27,galletitas_dulces,192.49
2023-02-28,galletitas_dulces,192.49
2023-03-01,galletitas_dulces,192.49
2023-03-02,galletitas_dulces,192.49
2023-03-03,galletitas_dulces,192.49
2023-03-04,galletitas_dulces,198.49
2023-03-05,galletitas_dulces,198.49
2023-03-06,galletitas_dulces,198.49
2023-03-07,galletitas_dulces,198.49
2023-03-08,galletitas_dulces,198.49
2023-03-09,galletitas_dulces,198.49
2023-03-10,galletitas_dulces,198.49
2023-03-11,galletitas_dulces,198.49
2023-03-12,galletitas_dulces,198.49
2023-03-13,galletitas_dulces,198.49
2023-03-14,galletitas_dulces,198.49
2023-03-15,galletitas_dulces,198.49
2023-03-16,galletitas_dulces,198.49
2023-03-17,galletitas_dulces,198.49
2023-03-18,galletitas_dulces,198.49
2023-02-17,galletitas_de_agua,339.49
2023-02-18,galletitas_de_agua,339.49
2023-02-20,galletitas_de_agua,339.49
2023-02-21,galletitas_de_agua,339.49
2023-02-22,galletitas_de_agua,339.49
2023-02-23,galletitas_de_agua,339.49
2023-02-24,galletitas_de_agua,339.49
2023-02-25,galletitas_de_agua,339.49
2023-02-26,galletitas_de_agua,339.49
2023-02-27,galletitas_de_agua,339.49
2023-02-28,galletitas_de_agua,339.49
2023-03-01,galletitas_de_agua,339.49
2023-03-02,galletitas_de_agua,349.99
2023-03-03,galletitas_de_agua,349.99
2023-03-04,galletitas_de_agua,349.99
2023-03-05,galletitas_de_agua,349.99
2023-03-06,galletitas_de_agua,349.99
2023-03-07,galletitas_de_agua,349.99
2023-03-08,galletitas_de_agua,349.99
2023-03-09,galletitas_de_agua,349.99
2023-03-10,galletitas_de_agua,349.99
2023-03-11,galletitas_de_agua,349.99
2023-03-12,galletitas_de_agua,349.99
2023-03-13,galletitas_de_agua,349.99
2023-03-14,galletitas_de_agua,349.99
2023-03-15,galletitas_de_agua,349.99
2023-03-16,galletitas_de_agua,349.99
2023-03-17,galletitas_de_agua,349.99
2023-03-18,galletitas_de_agua,349.99
2023-02-17,harina_de_trigo,201.75
2023-02-18,harina_de_trigo,201.75
2023-02-20,harina_de_trigo,201.75
2023-02-21,harina_de_trigo,201.75
2023-02-22,harina_de_trigo,201.75
2023-02-23,harina_de_trigo,201.7
2023-02-24,harina_de_trigo,201.7
2023-02-25,harina_de_trigo,201.7
2023-02-26,harina_de_trigo,201.7
2023-02-27,harina_de_trigo,201.7
2023-02-28,harina_de_trigo,201.7
2023-03-01,harina_de_trigo,201.7
2023-03-02,harina_de_trigo,201.7
2023-03-03,harina_de_trigo,201.7
2023-03-04,harina_de_trigo,201.7
2023-03-05,harina_de_trigo,201.7
2023-03-06,harina_de_trigo,201.7
2023-03-07,harina_de_trigo,201.7
2023-03-08,harina_de_trigo,201.7
2023-03-09,harina_de_trigo,201.7
2023-03-10,harina_de_trigo,201.7
2023-03-11,harina_de_trigo,201.75
2023-03-12,harina_de_trigo,201.75
2023-03-13,harina_de_trigo,201.75
2023-03-14,harina_de_trigo,201.75
2023-03-15,harina_de_trigo,201.75
2023-03-16,harina_de_trigo,201.75
2023-03-17,harina_de_trigo,201.75
2023-03-18,harina_de_trigo,201.75
2023-02-17,harina_de_maiz,221.92
2023-02-18,harina_de_maiz,221.92
2023-02-20,harina_de_maiz,221.92
2023-02-21,harina_de_maiz,221.92
2023-02-22,harina_de_maiz,221.92
2023-02-23,harina_de_maiz,221.92
2023-02-24,harina_de_maiz,221.92
2023-02-25,harina_de_maiz,221.92
2023-02-26,harina_de_maiz,221.92
2023-02-27,harina_de_maiz,221.92
2023-02-28,harina_de_maiz,221.92
2023-03-01,harina_de_maiz,229.02
2023-03-02,harina_de_maiz,229.02
2023-03-03,harina_de_maiz,229.02
2023-03-04,harina_de_maiz,229.02
2023-03-05,harina_de_maiz,229.02
2023-03-06,harina_de_maiz,229.02
2023-03-07,harina_de_maiz,229.02
2023-03-08,harina_de_maiz,229.02
2023-03-09,harina_de_maiz,229.02
2023-03-10,harina_de_maiz,229.02
2023-03-11,harina_de_maiz,229.02
2023-03-12,harina_de_maiz,229.02
2023-03-13,harina_de_maiz,229.02
2023-03-14,harina_de_maiz,229.02
2023-03-15,harina_de_maiz,229.02
2023-03-16,harina_de_maiz,229.02
2023-03-17,harina_de_maiz,229.02
2023-03-18,harina_de_maiz,229.02
2023-02-17,arroz,199.0
2023-02-18,arroz,199.0
2023-02-20,arroz,199.0
2023-02-21,arroz,199.0
2023-02-22,arroz,199.0
2023-02-23,arroz,199.0
2023-02-24,arroz,199.0
2023-02-25,arroz,199.0
2023-02-26,arroz,199.0
2023-02-27,arroz,199.0
2023-02-28,arroz,199.0
2023-03-01,arroz,205.37
2023-03-02,arroz,205.37
2023-03-03,arroz,205.37
2023-03-04,arroz,205.37
2023-03-05,arroz,205.37
2023-03-06,arroz,205.37
2023-03-07,arroz,205.37
2023-03-08,arroz,219.5
2023-03-09,arroz,219.5
2023-03-10,arroz,219.5
2023-03-11,arroz,219.5
2023-03-12,arroz,219.5
2023-03-13,arroz,219.5
2023-03-14,arroz,219.5
2023-03-15,arroz,219.5
2023-03-16,arroz,223.89
2023-03-17,arroz,223.89
2023-03-18,arroz,223.89
2023-02-17,fideos_secos,344.48
2023-02-18,fideos_secos,344.48
2023-02-20,fideos_secos,344.48
2023-02-21,fideos_secos,344.48
2023-02-22,fideos_secos,344.48
2023-02-23,fideos_secos,344.48
2023-02-24,fideos_secos,344.48
2023-02-25,fideos_secos,344.48
2023-02-26,fideos_secos,344.48
2023-02-27,fideos_secos,344.48
2023-02-28,fideos_secos,344.48
2023-03-01,fideos_secos,355.5
2023-03-02,fideos_secos,355.5
2023-03-03,fideos_secos,355.5
2023-03-04,fideos_secos,355.5
2023-03-05,fideos_secos,355.5
2023-03-06,fideos_secos,355.5
2023-03-07,fideos_secos,355.5
2023-03-08,fideos_secos,355.5
2023-03-09,fideos_secos,355.5
2023-03-10,fideos_secos,355.5
2023-03-11,fideos_secos,355.5
2023-03-12,fideos_secos,355.5
2023-03-13,fideos_secos,355.5
2023-03-14,fideos_secos,355.5
2023-03-15,fideos_secos,355.5
2023-03-16,fideos_secos,355.5
2023-03-17,fideos_secos,355.5
2023-03-18,fideos_secos,355.5
2023-02-17,asado,1599.9
2023-02-18,asado,1599.9
2023-02-20,asado,1599.9
2023-02-21,asado,1599.9
2023-02-22,asado,1599.9
2023-02-23,asado,1599.9
2023-02-24,asado,1599.9
2023-02-25,asado,1599.9
2023-02-26,asado,1599.9
2023-02-27,asado,1599.9
2023-02-28,asado,1599.9
2023-03-01,asado,1599.9
2023-03-02,asado,1599.9
2023-03-03,asado,1599.9
2023-03-04,asado,1599.9
2023-03-05,asado,1599.9
2023-03-06,asado,1599.9
2023-03-07,asado,1599.9
2023-03-08,asado,1599.9
2023-03-09,asado,1599.9
2023-03-10,asado,1599.9
2023-03-11,asado,1599.9
2023-03-12,asado,1599.9
2023-03-13,asado,1599.9
2023-03-14,asado,1599.9
2023-03-15,asado,1599.9
2023-03-16,asado,1599.9
2023-03-17,asado,1599.9
2023-03-18,asado,1599.9
2023-02-17,carnaza_comun,1049.9
2023-02-18,carnaza_comun,1049.9
2023-02-20,carnaza_comun,1049.9
2023-02-21,carnaza_comun,1049.9
2023-02-22,carnaza_comun,1049.9
2023-02-23,carnaza_comun,1049.9
2023-02-24,carnaza_comun,1049.9
2023-02-25,carnaza_comun,1049.9
2023-02-26,carnaza_comun,1049.9
2023-02-27,carnaza_comun,1049.9
2023-02-28,carnaza_comun,1049.9
2023-03-01,carnaza_comun,1049.9
2023-03-02,carnaza_comun,1049.9
2023-03-03,carnaza_comun,1049.9
2023-03-04,carnaza_comun,1049.9
2023-03-05,carnaza_comun,1049.9
2023-03-06,carnaza_comun,1049.9
2023-03-07,carnaza_comun,1049.9
2023-03-08,carnaza_comun,1049.9
2023-03-09,carnaza_comun,1049.9
2023-03-10,carnaza_comun,1049.9
2023-03-11,carnaza_comun,1049.9
2023-03-12,carnaza_comun,1049.9
2023-03-13,carnaza_comun,1049.9
2023-03-14,carnaza_comun,1049.9
2023-03-15,carnaza_comun,1049.9
2023-03-16,carnaza_comun,1049.9
2023-03-17,carnaza_comun,1049.9
2023-03-18,carnaza_comun,1049.9
2023-02-17,hueso_con_carne,529.9
2023-02-18,hueso_con_carne,529.9
2023-02-20,hueso_con_carne,529.9
2023-02-21,hueso_con_carne,529.9
2023-02-22,hueso_con_carne,529.9
2023-02-23,hueso_con_carne,529.9
2023-02-24,hueso_con_carne,529.9
2023-02-25,hueso_con_carne,529.9
2023-02-26,hueso_con_carne,529.9
2023-02-27,hueso_con_carne,529.9
2023-02-28,hueso_con_carne,529.9
2023-03-01,hueso_con_carne,529.9
2023-03-02,hueso_con_carne,529.9
2023-03-03,hueso_con_carne,529.9
2023-03-04,hueso_con_carne,529.9
2023-03-05,hueso_con_carne,529.9
2023-03-06,hueso_con_carne,529.9
2023-03-07,hueso_con_carne,529.9
2023-03-08,hueso_con_carne,529.9
2023-03-09,hueso_con_carne,529.9
2023-03-10,hueso_con_carne,529.9
2023-03-11,hueso_con_carne,429.9
2023-03-12,hueso_con_carne,429.9
2023-03-13,hueso_con_carne,429.9
2023-03-14,hueso_con_carne,529.9
2023-03-15,hueso_con_carne,529.9
2023-03-16,hueso_con_carne,529.9
2023-03-17,hueso_con_carne,429.9
2023-03-18,hueso_con_carne,429.9
2023-02-17,paleta,1499.9
2023-02-18,paleta,1499.9
2023-02-20,paleta,1499.9
2023-02-21,paleta,1499.9
2023-02-22,paleta,1499.9
2023-02-23,paleta,1499.9
2023-02-24,paleta,1499.9
2023-02-25,paleta,1499.9
2023-02-26,paleta,1499.9
2023-02-27,paleta,1499.9
2023-02-28,paleta,1499.9
2023-03-01,paleta,1499.9
2023-03-02,paleta,1499.9
2023-03-03,paleta,1499.9
2023-03-04,paleta,1499.9
2023-03-05,paleta,1499.9
2023-03-06,paleta,1499.9
2023-03-07,paleta,1499.9
2023-03-08,paleta,1499.9
2023-03-09,paleta,1499.9
2023-03-10,paleta,1499.9
2023-03-11,paleta,1499.9
2023-03-12,paleta,1499.9
2023-03-13,paleta,1499.9
2023-03-14,paleta,1499.9
2023-03-15,paleta,1499.9
2023-03-16,paleta,1499.9
2023-03-17,paleta,1499.9
2023-03-18,paleta,1499.9
2023-02-17,carne_picada,1349.9
2023-02-18,carne_picada,1349.9
2023-02-20,carne_picada,999.9
2023-02-21,carne_picada,999.9
2023-02-22,carne_picada,999.9
2023-02-23,carne_picada,999.9
2023-02-24,carne_picada,999.9
2023-02-25,carne_picada,999.9
2023-02-26,carne_picada,999.9
2023-02-27,carne_picada,999.9
2023-02-28,carne_picada,999.9
2023-03-01,carne_picada,999.9
2023-03-02,carne_picada,999.9
2023-03-03,carne_picada,999.9
2023-03-04,carne_picada,999.9
2023-03-05,carne_picada,999.9
2023-03-06,carne_picada,999.9
2023-03-07,carne_picada,999.9
2023-03-08,carne_picada,999.9
2023-03-09,carne_picada,999.9
2023-03-10,carne_picada,999.9
2023-03-11,carne_picada,999.9
2023-03-12,carne_picada,999.9
2023-03-13,carne_picada,999.9
2023-03-14,carne_picada,999.9
2023-03-15,carne_picada,999.9
2023-03-16,carne_picada,999.9
2023-03-17,carne_picada,999.9
2023-03-18,carne_picada,999.9
2023-02-17,nalga,1749.9
2023-02-18,nalga,1749.9
2023-02-20,nalga,1749.9
2023-02-21,nalga,1749.9
2023-02-22,nalga,1749.9
2023-02-23,nalga,1749.9
2023-02-24,nalga,1749.9
2023-02-25,nalga,1749.9
2023-02-26,nalga,1749.9
2023-02-27,nalga,1749.9
2023-02-28,nalga,1749.9
2023-03-01,nalga,1749.9
2023-03-02,nalga,1749.9
2023-03-03,nalga,1749.9
2023-03-04,nalga,1749.9
2023-03-05,nalga,1749.9
2023-03-06,nalga,1749.9
2023-03-07,nalga,1749.9
2023-03-08,nalga,1749.9
2023-03-09,nalga,1749.9
2023-03-10,nalga,1749.9
2023-03-11,nalga,1749.9
2023-03-12,nalga,1749.9
2023-03-13,nalga,1749.9
2023-03-14,nalga,1749.9
2023-03-15,nalga,1749.9
2023-03-16,nalga,1749.9
2023-03-17,nalga,1299.9
2023-03-18,nalga,1299.9
2023-02-17,higado,299.9
2023-02-18,higado,299.9
2023-02-20,higado,299.9
2023-02-21,higado,299.9
2023-02-22,higado,299.9
2023-02-23,higado,299.9
2023-02-24,higado,299.9
2023-02-25,higado,299.9
2023-02-26,higado,299.9
2023-02-27,higado,299.9
2023-02-28,higado,299.9
2023-03-01,higado,299.9
2023-03-02,higado,299.9
2023-03-03,higado,299.9
2023-03-04,higado,299.9
2023-03-05,higado,299.9
2023-03-06,higado,299.9
2023-03-07,higado,299.9
2023-03-08,higado,299.9
2023-03-09,higado,299.9
2023-03-10,higado,219.9
2023-03-11,higado,219.9
2023-03-12,higado,219.9
2023-03-13,higado,219.9
2023-03-14,higado,299.9
2023-03-15,higado,299.9
2023-03-16,higado,299.9
2023-03-17,higado,299.9
2023-03-18,higado,299.9
2023-02-17,pechito_de_cerdo,999.9
2023-02-18,pechito_de_cerdo,999.9
2023-02-20,pechito_de_cerdo,999.9
2023-02-21,pechito_de_cerdo,999.9
2023-02-22,pechito_de_cerdo,999.9
2023-02-23,pechito_de_cerdo,999.9
2023-02-24,pechito_de_cerdo,999.9
2023-02-25,pechito_de_cerdo,999.9
2023-02-26,pechito_de_cerdo,999.9
2023-02-27,pechito_de_cerdo,999.9
2023-02-28,pechito_de_cerdo,999.9
2023-03-01,pechito_de_cerdo,999.9
2023-03-02,pechito_de_cerdo,999.9
2023-03-03,pechito_de_cerdo,999.9
2023-03-04,pechito_de_cerdo,999.9
2023-03-05,pechito_de_cerdo,999.9
2023-03-06,pechito_de_cerdo,1049.9
2023-03-07,pechito_de_cerdo,1049.9
2023-03-08,pechito_de_cerdo,1049.9
2023-03-09,pechito_de_cerdo,1049.9
2023-03-10,pechito_de_cerdo,1049.9
2023-03-11,pechito_de_cerdo,1049.9
2023-03-12,pechito_de_cerdo,1049.9
2023-03-13,pechito_de_cerdo,1049.9
2023-03-14,pechito_de_cerdo,1049.9
2023-03-15,pechito_de_cerdo,1049.9
2023-03-16,pechito_de_cerdo,1049.9
2023-03-17,pechito_de_cerdo,1049.9
2023-03-18,pechito_de_cerdo,1049.9
2023-02-17,pollo,415.9
2023-02-18,pollo,415.9
2023-02-20,pollo,415.9
2023-02-21,pollo,415.9
2023-02-22,pollo,415.9
2023-02-23,pollo,415.9
2023-02-24,pollo,415.9
2023-02-25,pollo,415.9
2023-02-26,pollo,415.9
2023-02-27,pollo,415.9
2023-02-28,pollo,415.9
2023-03-01,pollo,439.9
2023-03-02,pollo,439.9
2023-03-03,pollo,439.9
2023-03-04,pollo,439.9
2023-03-05,pollo,439.9
2023-03-06,pollo,439.9
2023-03-07,pollo,439.9
2023-03-08,pollo,439.9
2023-03-09,pollo,439.9
2023-03-10,pollo,439.9
2023-03-11,pollo,439.9
2023-03-12,pollo,439.9
2023-03-13,pollo,439.9
2023-03-14,pollo,439.9
2023-03-15,pollo,439.9
2023-03-16,pollo,479.9
2023-03-17,pollo,479.9
2023-03-18,pollo,479.9
2023-02-17,carne_de_pescado,1499.0
2023-02-18,carne_de_pescado,1499.0
2023-02-20,carne_de_pescado,1499.0
2023-02-21,carne_de_pescado,1499.0
2023-02-22,carne_de_pescado,1499.0
2023-02-23,carne_de_pescado,1499.0
2023-02-24,carne_de_pescado,1590.0
2023-02-25,carne_de_pescado,1590.0
2023-02-26,carne_de_pescado,1590.0
2023-02-27,carne_de_pescado,1590.0
2023-02-28,carne_de_pescado,1590.0
2023-03-01,carne_de_pescado,1590.0
2023-03-02,carne_de_pescado,1590.0
2023-03-03,carne_de_pescado,1590.0
2023-03-04,carne_de_pescado,1590.0
2023-03-05,carne_de_pescado,1590.0
2023-03-06,carne_de_pescado,1590.0
2023-03-07,carne_de_pescado,1590.0
2023-03-08,carne_de_pescado,1590.0
2023-03-09,carne_de_pescado,1590.0
2023-03-10,carne_de_pescado,1590.0
2023-03-11,carne_de_pescado,1590.0
2023-03-12,carne_de_pescado,1590.0
2023-03-13,carne_de_pescado,1590.0
2023-03-14,carne_de_pescado,1690.0
2023-03-15,carne_de_pescado,1690.0
2023-03-16,carne_de_pescado,1690.0
2023-03-17,carne_de_pescado,1690.0
2023-03-18,carne_de_pescado,1690.0
2023-02-17,mortadela,1185.0
2023-02-18,mortadela,1185.0
2023-02-20,mortadela,1480.0
2023-02-21,mortadela,1480.0
2023-02-22,mortadela,1480.0
2023-02-23,mortadela,1480.0
2023-02-24,mortadela,1480.0
2023-02-25,mortadela,1480.0
2023-02-26,mortadela,1480.0
2023-02-27,mortadela,1185.0
2023-02-28,mortadela,1185.0
2023-03-01,mortadela,1185.0
2023-03-02,mortadela,1185.0
2023-03-03,mortadela,1185.0
2023-03-04,mortadela,1185.0
2023-03-05,mortadela,1185.0
2023-03-06,mortadela,1525.0
2023-03-07,mortadela,1525.0
2023-03-08,mortadela,1525.0
2023-03-09,mortadela,1525.0
2023-03-10,mortadela,1525.0
2023-03-11,mortadela,1525.0
2023-03-12,mortadela,1525.0
2023-03-13,mortadela,1220.0
2023-03-14,mortadela,1220.0
2023-03-15,mortadela,1220.0
2023-03-16,mortadela,1220.0
2023-03-17,mortadela,1220.0
2023-03-18,mortadela,1220.0
2023-02-17,paleta_cocida,1850.0
2023-02-18,paleta_cocida,1850.0
2023-02-20,paleta_cocida,1850.0
2023-02-21,paleta_cocida,1850.0
2023-02-22,paleta_cocida,1850.0
2023-02-23,paleta_cocida,1850.0
2023-02-24,paleta_cocida,1850.0
2023-02-25,paleta_cocida,1850.0
2023-02-26,paleta_cocida,1850.0
2023-02-27,paleta_cocida,1850.0
2023-02-28,paleta_cocida,1850.0
2023-03-01,paleta_cocida,2000.0
2023-03-02,paleta_cocida,2000.0
2023-03-03,paleta_cocida,2000.0
2023-03-04,paleta_cocida,2000.0
2023-03-05,paleta_cocida,2000.0
2023-03-06,paleta_cocida,2060.0
2023-03-07,paleta_cocida,1909.0
2023-03-08,paleta_cocida,1909.0
2023-03-09,paleta_cocida,1909.0
2023-03-10,paleta_cocida,1909.0
2023-03-11,paleta_cocida,1909.0
2023-03-12,paleta_cocida,1909.0
2023-03-13,paleta_cocida,1909.0
2023-03-14,paleta_cocida,1909.0
2023-03-15,paleta_cocida,1909.0
2023-03-16,paleta_cocida,1909.0
2023-03-17,paleta_cocida,1909.0
2023-03-18,paleta_cocida,1909.0
2023-02-17,salchich¢n,1285.0
2023-02-18,salchich¢n,1285.0
2023-02-20,salchich¢n,1285.0
2023-02-21,salchich¢n,1285.0
2023-02-22,salchich¢n,1285.0
2023-02-23,salchich¢n,1285.0
2023-02-24,salchich¢n,1285.0
2023-02-25,salchich¢n,1285.0
2023-02-26,salchich¢n,1285.0
2023-02-27,salchich¢n,1285.0
2023-02-28,salchich¢n,1285.0
2023-03-01,salchich¢n,1285.0
2023-03-02,salchich¢n,1285.0
2023-03-03,salchich¢n,1285.0
2023-03-04,salchich¢n,1285.0
2023-03-05,salchich¢n,1285.0
2023-03-06,salchich¢n,1285.0
2023-03-07,salchich¢n,1285.0
2023-03-08,salchich¢n,1285.0
2023-03-09,salchich¢n,1285.0
2023-03-10,salchich¢n,1285.0
2023-03-11,salchich¢n,1285.0
2023-03-12,salchich¢n,1285.0
2023-03-13,salchich¢n,1049.0
2023-03-14,salchich¢n,1049.0
2023-03-15,salchich¢n,1049.0
2023-03-16,salchich¢n,1049.0
2023-03-17,salchich¢n,1049.0
2023-03-18,salchich¢n,1049.0
2023-02-17,salame,2660.0
2023-02-18,salame,2660.0
2023-02-20,salame,2660.0
2023-02-21,salame,2660.0
2023-02-22,salame,2660.0
2023-02-23,salame,2660.0
2023-02-24,salame,2660.0
2023-02-25,salame,2660.0
2023-02-26,salame,2660.0
2023-02-27,salame,2660.0
2023-02-28,salame,2660.0
2023-03-01,salame,2660.0
2023-03-02,salame,2660.0
2023-03-03,salame,2812.2
2023-03-04,salame,2812.2
2023-03-05,salame,2812.2
2023-03-06,salame,2812.2
2023-03-07,salame,2812.2
2023-03-08,salame,0.0
2023-03-09,salame,0.0
2023-03-10,salame,0.0
2023-03-11,salame,0.0
2023-03-12,salame,0.0
2023-03-13,salame,0.0
2023-03-14,salame,0.0
2023-03-15,salame,4263.33
2023-03-16,salame,4263.33
2023-03-17,salame,4263.33
2023-03-18,salame,4263.33
2023-02-17,aceite_de_girasol,556.92
2023-02-18,aceite_de_girasol,556.92
2023-02-20,aceite_de_girasol,556.92
2023-02-21,aceite_de_girasol,556.92
2023-02-22,aceite_de_girasol,556.92
2023-02-23,aceite_de_girasol,556.92
2023-02-24,aceite_de_girasol,556.92
2023-02-25,aceite_de_girasol,556.92
2023-02-26,aceite_de_girasol,556.92
2023-02-27,aceite_de_girasol,556.92
2023-02-28,aceite_de_girasol,556.92
2023-03-01,aceite_de_girasol,574.74
2023-03-02,aceite_de_girasol,574.74
2023-03-03,aceite_de_girasol,574.74
2023-03-04,aceite_de_girasol,574.74
2023-03-05,aceite_de_girasol,574.74
2023-03-06,aceite_de_girasol,574.74
2023-03-07,aceite_de_girasol,574.74
2023-03-08,aceite_de_girasol,574.74
2023-03-09,aceite_de_girasol,574.74
2023-03-10,aceite_de_girasol,574.74
2023-03-11,aceite_de_girasol,574.74
2023-03-12,aceite_de_girasol,574.74
2023-03-13,aceite_de_girasol,574.74
2023-03-14,aceite_de_girasol,574.74
2023-03-15,aceite_de_girasol,574.74
2023-03-16,aceite_de_girasol,574.74
2023-03-17,aceite_de_girasol,574.74
2023-03-18,aceite_de_girasol,574.74
2023-02-17,margarina_para_cocinar,268.45
2023-02-18,margarina_para_cocinar,268.45
2023-02-20,margarina_para_cocinar,268.45
2023-02-21,margarina_para_cocinar,268.45
2023-02-22,margarina_para_cocinar,268.45
2023-02-23,margarina_para_cocinar,268.45
2023-02-24,margarina_para_cocinar,268.45
2023-02-25,margarina_para_cocinar,268.45
2023-02-26,margarina_para_cocinar,268.45
2023-02-27,margarina_para_cocinar,268.45
2023-02-28,margarina_para_cocinar,268.45
2023-03-01,margarina_para_cocinar,268.45
2023-03-02,margarina_para_cocinar,268.45
2023-03-03,margarina_para_cocinar,268.45
2023-03-04,margarina_para_cocinar,268.45
2023-03-05,margarina_para_cocinar,268.45
2023-03-06,margarina_para_cocinar,277.05
2023-03-07,margarina_para_cocinar,277.05
2023-03-08,margarina_para_cocinar,277.05
2023-03-09,margarina_para_cocinar,277.05
2023-03-10,margarina_para_cocinar,277.05
2023-03-11,margarina_para_cocinar,277.05
2023-03-12,margarina_para_cocinar,277.05
2023-03-13,margarina_para_cocinar,277.05
2023-03-14,margarina_para_cocinar,277.05
2023-03-15,margarina_para_cocinar,277.05
2023-03-16,margarina_para_cocinar,277.05
2023-03-17,margarina_para_cocinar,277.05
2023-03-18,margarina_para_cocinar,277.05
2023-02-17,leche_fluida,215.28
2023-02-18,leche_fluida,234.66
2023-02-20,leche_fluida,234.66
2023-02-21,leche_fluida,234.66
2023-02-22,leche_fluida,234.66
2023-02-23,leche_fluida,234.66
2023-02-24,leche_fluida,234.66
2023-02-25,leche_fluida,234.66
2023-02-26,leche_fluida,234.66
2023-02-27,leche_fluida,234.66
2023-02-28,leche_fluida,234.66
2023-03-01,leche_fluida,234.66
2023-03-02,leche_fluida,234.66
2023-03-03,leche_fluida,234.66
2023-03-04,leche_fluida,242.15
2023-03-05,leche_fluida,242.15
2023-03-06,leche_fluida,242.15
2023-03-07,leche_fluida,242.15
2023-03-08,leche_fluida,242.15
2023-03-09,leche_fluida,242.15
2023-03-10,leche_fluida,242.15
2023-03-11,leche_fluida,242.15
2023-03-12,leche_fluida,242.15
2023-03-13,leche_fluida,242.15
2023-03-14,leche_fluida,242.15
2023-03-15,leche_fluida,242.15
2023-03-16,leche_fluida,242.15
2023-03-17,leche_fluida,242.15
2023-03-18,leche_fluida,242.15
2023-02-17,leche_en_polvo_entera,1439.49
2023-02-18,leche_en_polvo_entera,1439.49
2023-02-20,leche_en_polvo_entera,1439.49
2023-02-21,leche_en_polvo_entera,1439.49
2023-02-22,leche_en_polvo_entera,1439.49
2023-02-23,leche_en_polvo_entera,1439.49
2023-02-24,leche_en_polvo_entera,1439.49
2023-02-25,leche_en_polvo_entera,1439.49
2023-02-26,leche_en_polvo_entera,1439.49
2023-02-27,leche_en_polvo_entera,1439.49
2023-02-28,leche_en_polvo_entera,1439.49
2023-03-01,leche_en_polvo_entera,1485.55
2023-03-02,leche_en_polvo_entera,1485.55
2023-03-03,leche_en_polvo_entera,1485.55
2023-03-04,leche_en_polvo_entera,1485.55
2023-03-05,leche_en_polvo_entera,1485.55
2023-03-06,leche_en_polvo_entera,1485.55
2023-03-07,leche_en_polvo_entera,1485.55
2023-03-08,leche_en_polvo_entera,1485.55
2023-03-09,leche_en_polvo_entera,1485.55
2023-03-10,leche_en_polvo_entera,1485.55
2023-03-11,leche_en_polvo_entera,1485.55
2023-03-12,leche_en_polvo_entera,1485.55
2023-03-13,leche_en_polvo_entera,1485.55
2023-03-14,leche_en_polvo_entera,1485.55
2023-03-15,leche_en_polvo_entera,1485.55
2023-03-16,leche_en_polvo_entera,1485.55
2023-03-17,leche_en_polvo_entera,1485.55
2023-03-18,leche_en_polvo_entera,1485.55
2023-02-17,queso_crema,234.87
2023-02-18,queso_crema,256.01
2023-02-20,queso_crema,256.01
2023-02-21,queso_crema,256.01
2023-02-22,queso_crema,256.01
2023-02-23,queso_crema,256.01
2023-02-24,queso_crema,256.01
2023-02-25,queso_crema,256.01
2023-02-26,queso_crema,256.01
2023-02-27,queso_crema,256.01
2023-02-28,queso_crema,256.01
2023-03-01,queso_crema,436.0
2023-03-02,queso_crema,264.2
2023-03-03,queso_crema,264.2
2023-03-04,queso_crema,264.2
2023-03-05,queso_crema,264.2
2023-03-06,queso_crema,264.2
2023-03-07,queso_crema,264.2
2023-03-08,queso_crema,264.2
2023-03-09,queso_crema,264.2
2023-03-10,queso_crema,264.2
2023-03-11,queso_crema,264.2
2023-03-12,queso_crema,264.2
2023-03-13,queso_crema,264.2
2023-03-14,queso_crema,264.2
2023-03-15,queso_crema,264.2
2023-03-16,queso_crema,264.2
2023-03-17,queso_crema,264.2
2023-03-18,queso_crema,264.2
2023-02-17,queso_cuartirolo,1399.0
2023-02-18,queso_cuartirolo,1399.0
2023-02-20,queso_cuartirolo,979.0
2023-02-21,queso_cuartirolo,979.0
2023-02-22,queso_cuartirolo,979.0
2023-02-23,queso_cuartirolo,979.0
2023-02-24,queso_cuartirolo,979.0
2023-02-25,queso_cuartirolo,979.0
2023-02-26,queso_cuartirolo,979.0
2023-02-27,queso_cuartirolo,1399.0
2023-02-28,queso_cuartirolo,1399.0
2023-03-01,queso_cuartirolo,1399.0
2023-03-02,queso_cuartirolo,1399.0
2023-03-03,queso_cuartirolo,1399.0
2023-03-04,queso_cuartirolo,1399.0
2023-03-05,queso_cuartirolo,1399.0
2023-03-06,queso_cuartirolo,1399.0
2023-03-07,queso_cuartirolo,1399.0
2023-03-08,queso_cuartirolo,1469.0
2023-03-09,queso_cuartirolo,1469.0
2023-03-10,queso_cuartirolo,1469.0
2023-03-11,queso_cuartirolo,1469.0
2023-03-12,queso_cuartirolo,1469.0
2023-03-13,queso_cuartirolo,1469.0
2023-03-14,queso_cuartirolo,1469.0
2023-03-15,queso_cuartirolo,1469.0
2023-03-16,queso_cuartirolo,1469.0
2023-03-17,queso_cuartirolo,1469.0
2023-03-18,queso_cuartirolo,1469.0
2023-02-17,queso_de_rallar,2579.0
2023-02-18,queso_de_rallar,2579.0
2023-02-20,queso_de_rallar,2579.0
2023-02-21,queso_de_rallar,2579.0
2023-02-22,queso_de_rallar,2579.0
2023-02-23,queso_de_rallar,2579.0
2023-02-24,queso_de_rallar,2579.0
2023-02-25,queso_de_rallar,2579.0
2023-02-26,queso_de_rallar,2579.0
2023-02-27,queso_de_rallar,2579.0
2023-02-28,queso_de_rallar,2579.0
2023-03-01,queso_de_rallar,2579.0
2023-03-02,queso_de_rallar,2579.0
2023-03-03,queso_de_rallar,2579.0
2023-03-04,queso_de_rallar,2579.0
2023-03-05,queso_de_rallar,2579.0
2023-03-06,queso_de_rallar,2699.0
2023-03-07,queso_de_rallar,2699.0
2023-03-08,queso_de_rallar,2699.0
2023-03-09,queso_de_rallar,2699.0
2023-03-10,queso_de_rallar,2699.0
2023-03-11,queso_de_rallar,2699.0
2023-03-12,queso_de_rallar,2699.0
2023-03-13,queso_de_rallar,2699.0
2023-03-14,queso_de_rallar,2699.0
2023-03-15,queso_de_rallar,2699.0
2023-03-16,queso_de_rallar,2699.0
2023-03-17,queso_de_rallar,2699.0
2023-03-18,queso_de_rallar,2699.0
2023-02-17,manteca,1542.75
2023-02-18,manteca,1542.75
2023-02-20,manteca,1542.75
2023-02-21,manteca,1542.75
2023-02-22,manteca,1542.75
2023-02-23,manteca,1542.75
2023-02-24,manteca,1542.75
2023-02-25,manteca,1542.75
2023-02-26,manteca,1542.75
2023-02-27,manteca,1542.75
2023-02-28,manteca,1542.75
2023-03-01,manteca,1592.0
2023-03-02,manteca,1592.0
2023-03-03,manteca,1592.0
2023-03-04,manteca,1592.0
2023-03-05,manteca,1592.0
2023-03-06,manteca,1592.0
2023-03-07,manteca,1592.0
2023-03-08,manteca,1592.0
2023-03-09,manteca,1592.0
2023-03-10,manteca,1592.0
2023-03-11,manteca,1592.0
2023-03-12,manteca,1592.0
2023-03-13,manteca,1592.0
2023-03-14,manteca,1592.0
2023-03-15,manteca,1592.0
2023-03-16,manteca,1592.0
2023-03-17,manteca,1592.0
2023-03-18,manteca,1592.0
2023-02-17,yogur,218.0
2023-02-18,yogur,218.0
2023-02-20,yogur,218.0
2023-02-21,yogur,218.0
2023-02-22,yogur,218.0
2023-02-23,yogur,218.0
2023-02-24,yogur,218.0
2023-02-25,yogur,218.0
2023-02-26,yogur,218.0
2023-02-27,yogur,218.0
2023-02-28,yogur,218.0
2023-03-01,yogur,218.0
2023-03-02,yogur,218.0
2023-03-03,yogur,218.0
2023-03-04,yogur,225.0
2023-03-05,yogur,225.0
2023-03-06,yogur,225.0
2023-03-07,yogur,225.0
2023-03-08,yogur,225.0
2023-03-09,yogur,225.0
2023-03-10,yogur,225.0
2023-03-11,yogur,225.0
2023-03-12,yogur,225.0
2023-03-13,yogur,225.0
2023-03-14,yogur,236.25
2023-03-15,yogur,236.25
2023-03-16,yogur,236.25
2023-03-17,yogur,236.25
2023-03-18,yogur,236.25
2023-02-17,dulce_de_leche,527.02
2023-02-18,dulce_de_leche,574.45
2023-02-20,dulce_de_leche,574.45
2023-02-21,dulce_de_leche,574.45
2023-02-22,dulce_de_leche,574.45
2023-02-23,dulce_de_leche,713.37
2023-02-24,dulce_de_leche,713.37
2023-02-25,dulce_de_leche,713.37
2023-02-26,dulce_de_leche,713.37
2023-02-27,dulce_de_leche,713.37
2023-02-28,dulce_de_leche,713.37
2023-03-01,dulce_de_leche,736.12
2023-03-02,dulce_de_leche,736.12
2023-03-03,dulce_de_leche,736.12
2023-03-04,dulce_de_leche,736.12
2023-03-05,dulce_de_leche,736.12
2023-03-06,dulce_de_leche,736.12
2023-03-07,dulce_de_leche,736.12
2023-03-08,dulce_de_leche,736.12
2023-03-09,dulce_de_leche,736.12
2023-03-10,dulce_de_leche,736.12
2023-03-11,dulce_de_leche,736.12
2023-03-12,dulce_de_leche,736.12
2023-03-13,dulce_de_leche,736.12
2023-03-14,dulce_de_leche,736.12
2023-03-15,dulce_de_leche,736.12
2023-03-16,dulce_de_leche,736.12
2023-03-17,dulce_de_leche,736.12
2023-03-18,dulce_de_leche,736.12
2023-02-17,huevo,1053.0
2023-02-18,huevo,1053.0
2023-02-20,huevo,1053.0
2023-02-21,huevo,1053.0
2023-02-22,huevo,1053.0
2023-02-23,huevo,1053.0
2023-02-24,huevo,1053.0
2023-02-25,huevo,1053.0
2023-02-26,huevo,1053.0
2023-02-27,huevo,1053.0
2023-02-28,huevo,1086.0
2023-03-01,huevo,1086.0
2023-03-02,huevo,1183.5
2023-03-03,huevo,1183.5
2023-03-04,huevo,1183.5
2023-03-05,huevo,1183.5
2023-03-06,huevo,1183.5
2023-03-07,huevo,1221.0
2023-03-08,huevo,1221.0
2023-03-09,huevo,1221.0
2023-03-10,huevo,1221.0
2023-03-11,huevo,1221.0
2023-03-12,huevo,1221.0
2023-03-13,huevo,1221.0
2023-03-14,huevo,1278.0
2023-03-15,huevo,1278.0
2023-03-16,huevo,1278.0
2023-03-17,huevo,1361.0
2023-03-18,huevo,1361.0
2023-02-17,manzana,499.0
2023-02-18,manzana,449.0
2023-02-20,manzana,449.0
2023-02-21,manzana,449.0
2023-02-22,manzana,449.0
2023-02-23,manzana,449.0
2023-02-24,manzana,449.0
2023-02-25,manzana,449.0
2023-02-26,manzana,449.0
2023-02-27,manzana,449.0
2023-02-28,manzana,399.0
2023-03-01,manzana,399.0
2023-03-02,manzana,399.0
2023-03-03,manzana,399.0
2023-03-04,manzana,399.0
2023-03-05,manzana,399.0
2023-03-06,manzana,399.0
2023-03-07,manzana,399.0
2023-03-08,manzana,399.0
2023-03-09,manzana,399.0
2023-03-10,manzana,399.0
2023-03-11,manzana,399.0
2023-03-12,manzana,399.0
2023-03-13,manzana,399.0
2023-03-14,manzana,399.0
2023-03-15,manzana,499.0
2023-03-16,manzana,499.0
2023-03-17,manzana,499.0
2023-03-18,manzana,499.0
2023-02-17,naranja,369.0
2023-02-18,naranja,399.0
2023-02-20,naranja,399.0
2023-02-21,naranja,399.0
2023-02-22,naranja,399.0
2023-02-23,naranja,399.0
2023-02-24,naranja,399.0
2023-02-25,naranja,399.0
2023-02-26,naranja,399.0
2023-02-27,naranja,399.0
2023-02-28,naranja,399.0
2023-03-01,naranja,399.0
2023-03-02,naranja,399.0
2023-03-03,naranja,419.0
2023-03-04,naranja,419.0
2023-03-05,naranja,419.0
2023-03-06,naranja,419.0
2023-03-07,naranja,0.0
2023-03-08,naranja,419.0
2023-03-09,naranja,419.0
2023-03-10,naranja,499.0
2023-03-11,naranja,499.0
2023-03-12,naranja,499.0
2023-03-13,naranja,499.0
2023-03-14,naranja,499.0
2023-03-15,naranja,499.0
2023-03-16,naranja,499.0
2023-03-17,naranja,499.0
2023-03-18,naranja,499.0
2023-02-17,banana,299.0
2023-02-18,banana,299.0
2023-02-20,banana,299.0
2023-02-21,banana,299.0
2023-02-22,banana,389.0
2023-02-23,banana,389.0
2023-02-24,banana,389.0
2023-02-25,banana,389.0
2023-02-26,banana,389.0
2023-02-27,banana,389.0
2023-02-28,banana,399.0
2023-03-01,banana,399.0
2023-03-02,banana,299.0
2023-03-03,banana,299.0
2023-03-04,banana,299.0
2023-03-05,banana,299.0
2023-03-06,banana,299.0
2023-03-07,banana,299.0
2023-03-08,banana,299.0
2023-03-09,banana,299.0
2023-03-10,banana,299.0
2023-03-11,banana,299.0
2023-03-12,banana,299.0
2023-03-13,banana,419.0
2023-03-14,banana,419.0
2023-03-15,banana,419.0
2023-03-16,banana,419.0
2023-03-17,banana,419.0
2023-03-18,banana,419.0
2023-02-17,pera,279.0
2023-02-18,pera,279.0
2023-02-20,pera,279.0
2023-02-21,pera,279.0
2023-02-22,pera,279.0
2023-02-23,pera,279.0
2023-02-24,pera,279.0
2023-02-25,pera,279.0
2023-02-26,pera,279.0
2023-02-27,pera,279.0
2023-02-28,pera,279.0
2023-03-01,pera,279.0
2023-03-02,pera,279.0
2023-03-03,pera,299.0
2023-03-04,pera,299.0
2023-03-05,pera,299.0
2023-03-06,pera,299.0
2023-03-07,pera,189.0
2023-03-08,pera,189.0
2023-03-09,pera,189.0
2023-03-10,pera,249.0
2023-03-11,pera,249.0
2023-03-12,pera,249.0
2023-03-13,pera,249.0
2023-03-14,pera,249.0
2023-03-15,pera,249.0
2023-03-16,pera,249.0
2023-03-17,pera,199.0
2023-03-18,pera,199.0
2023-02-17,batata,359.0
2023-02-18,batata,359.0
2023-02-20,batata,299.0
2023-02-21,batata,299.0
2023-02-22,batata,299.0
2023-02-23,batata,299.0
2023-02-24,batata,299.0
2023-02-25,batata,299.0
2023-02-26,batata,299.0
2023-02-27,batata,359.0
2023-02-28,batata,399.0
2023-03-01,batata,399.0
2023-03-02,batata,399.0
2023-03-03,batata,399.0
2023-03-04,batata,399.0
2023-03-05,batata,399.0
2023-03-06,batata,399.0
2023-03-07,batata,450.0
2023-03-08,batata,450.0
2023-03-09,batata,450.0
2023-03-10,batata,450.0
2023-03-11,batata,450.0
2023-03-12,batata,450.0
2023-03-13,batata,450.0
2023-03-14,batata,450.0
2023-03-15,batata,450.0
2023-03-16,batata,479.0
2023-03-17,batata,479.0
2023-03-18,batata,479.0
2023-02-17,papa,239.0
2023-02-18,papa,239.0
2023-02-20,papa,319.0
2023-02-21,papa,319.0
2023-02-22,papa,319.0
2023-02-23,papa,239.0
2023-02-24,papa,239.0
2023-02-25,papa,239.0
2023-02-26,papa,239.0
2023-02-27,papa,319.0
2023-02-28,papa,319.0
2023-03-01,papa,299.0
2023-03-02,papa,239.0
2023-03-03,papa,239.0
2023-03-04,papa,239.0
2023-03-05,papa,239.0
2023-03-06,papa,239.0
2023-03-07,papa,239.0
2023-03-08,papa,239.0
2023-03-09,papa,319.0
2023-03-10,papa,249.0
2023-03-11,papa,249.0
2023-03-12,papa,249.0
2023-03-13,papa,269.0
2023-03-14,papa,269.0
2023-03-15,papa,269.0
2023-03-16,papa,239.0
2023-03-17,papa,239.0
2023-03-18,papa,239.0
2023-02-17,acelga,239.0
2023-02-18,acelga,239.0
2023-02-20,acelga,239.0
2023-02-21,acelga,239.0
2023-02-22,acelga,239.0
2023-02-23,acelga,239.0
2023-02-24,acelga,239.0
2023-02-25,acelga,239.0
2023-02-26,acelga,239.0
2023-02-27,acelga,239.0
2023-02-28,acelga,239.0
2023-03-01,acelga,239.0
2023-03-02,acelga,239.0
2023-03-03,acelga,289.0
2023-03-04,acelga,259.0
2023-03-05,acelga,259.0
2023-03-06,acelga,259.0
2023-03-07,acelga,259.0
2023-03-08,acelga,259.0
2023-03-09,acelga,259.0
2023-03-10,acelga,259.0
2023-03-11,acelga,259.0
2023-03-12,acelga,259.0
2023-03-13,acelga,259.0
2023-03-14,acelga,259.0
2023-03-15,acelga,329.0
2023-03-16,acelga,329.0
2023-03-17,acelga,329.0
2023-03-18,acelga,329.0
2023-02-17,cebolla,299.0
2023-02-18,cebolla,299.0
2023-02-20,cebolla,299.0
2023-02-21,cebolla,299.0
2023-02-22,cebolla,299.0
2023-02-23,cebolla,229.0
2023-02-24,cebolla,229.0
2023-02-25,cebolla,229.0
2023-02-26,cebolla,229.0
2023-02-27,cebolla,339.0
2023-02-28,cebolla,299.0
2023-03-01,cebolla,299.0
2023-03-02,cebolla,299.0
2023-03-03,cebolla,299.0
2023-03-04,cebolla,299.0
2023-03-05,cebolla,299.0
2023-03-06,cebolla,299.0
2023-03-07,cebolla,249.0
2023-03-08,cebolla,249.0
2023-03-09,cebolla,229.0
2023-03-10,cebolla,229.0
2023-03-11,cebolla,229.0
2023-03-12,cebolla,229.0
2023-03-13,cebolla,229.0
2023-03-14,cebolla,229.0
2023-03-15,cebolla,229.0
2023-03-16,cebolla,229.0
2023-03-17,cebolla,229.0
2023-03-18,cebolla,229.0
2023-02-17,choclo,169.0
2023-02-18,choclo,169.0
2023-02-20,choclo,199.0
2023-02-21,choclo,199.0
2023-02-22,choclo,199.0
2023-02-23,choclo,199.0
2023-02-24,choclo,249.0
2023-02-25,choclo,249.0
2023-02-26,choclo,249.0
2023-02-27,choclo,199.0
2023-02-28,choclo,199.0
2023-03-01,choclo,199.0
2023-03-02,choclo,199.0
2023-03-03,choclo,199.0
2023-03-04,choclo,199.0
2023-03-05,choclo,199.0
2023-03-06,choclo,249.0
2023-03-07,choclo,249.0
2023-03-08,choclo,249.0
2023-03-09,choclo,199.0
2023-03-10,choclo,199.0
2023-03-11,choclo,199.0
2023-03-12,choclo,199.0
2023-03-13,choclo,199.0
2023-03-14,choclo,199.0
2023-03-15,choclo,199.0
2023-03-16,choclo,199.0
2023-03-17,choclo,199.0
2023-03-18,choclo,199.0
2023-02-17,lechuga,799.0
2023-02-18,lechuga,749.0
2023-02-20,lechuga,749.0
2023-02-21,lechuga,749.0
2023-02-22,lechuga,749.0
2023-02-23,lechuga,799.0
2023-02-24,lechuga,799.0
2023-02-25,lechuga,799.0
2023-02-26,lechuga,799.0
2023-02-27,lechuga,799.0
2023-02-28,lechuga,799.0
2023-03-01,lechuga,849.0
2023-03-02,lechuga,849.0
2023-03-03,lechuga,849.0
2023-03-04,lechuga,849.0
2023-03-05,lechuga,849.0
2023-03-06,lechuga,849.0
2023-03-07,lechuga,849.0
2023-03-08,lechuga,849.0
2023-03-09,lechuga,849.0
2023-03-10,lechuga,849.0
2023-03-11,lechuga,849.0
2023-03-12,lechuga,849.0
2023-03-13,lechuga,849.0
2023-03-14,lechuga,849.0
2023-03-15,lechuga,899.0
2023-03-16,lechuga,899.0
2023-03-17,lechuga,899.0
2023-03-18,lechuga,899.0
2023-02-17,tomate_perita,399.0
2023-02-18,tomate_perita,349.0
2023-02-20,tomate_perita,349.0
2023-02-21,tomate_perita,349.0
2023-02-22,tomate_perita,349.0
2023-02-23,tomate_perita,349.0
2023-02-24,tomate_perita,399.0
2023-02-25,tomate_perita,399.0
2023-02-26,tomate_perita,399.0
2023-02-27,tomate_perita,399.0
2023-02-28,tomate_perita,449.0
2023-03-01,tomate_perita,499.0
2023-03-02,tomate_perita,499.0
2023-03-03,tomate_perita,499.0
2023-03-04,tomate_perita,499.0
2023-03-05,tomate_perita,499.0
2023-03-06,tomate_perita,499.0
2023-03-07,tomate_perita,529.0
2023-03-08,tomate_perita,549.0
2023-03-09,tomate_perita,549.0
2023-03-10,tomate_perita,549.0
2023-03-11,tomate_perita,549.0
2023-03-12,tomate_perita,549.0
2023-03-13,tomate_perita,549.0
2023-03-14,tomate_perita,599.0
2023-03-15,tomate_perita,599.0
2023-03-16,tomate_perita,699.0
2023-03-17,tomate_perita,699.0
2023-03-18,tomate_perita,699.0
2023-02-17,zanahoria,199.0
2023-02-18,zanahoria,199.0
2023-02-20,zanahoria,199.0
2023-02-21,zanahoria,199.0
2023-02-22,zanahoria,199.0
2023-02-23,zanahoria,249.0
2023-02-24,zanahoria,279.0
2023-02-25,zanahoria,279.0
2023-02-26,zanahoria,279.0
2023-02-27,zanahoria,199.0
2023-02-28,zanahoria,199.0
2023-03-01,zanahoria,199.0
2023-03-02,zanahoria,199.0
2023-03-03,zanahoria,199.0
2023-03-04,zanahoria,199.0
2023-03-05,zanahoria,199.0
2023-03-06,zanahoria,199.0
2023-03-07,zanahoria,199.0
2023-03-08,zanahoria,199.0
2023-03-09,zanahoria,199.0
2023-03-10,zanahoria,199.0
2023-03-11,zanahoria,199.0
2023-03-12,zanahoria,199.0
2023-03-13,zanahoria,279.0
2023-03-14,zanahoria,249.0
2023-03-15,zanahoria,249.0
2023-03-16,zanahoria,249.0
2023-03-17,zanahoria,249.0
2023-03-18,zanahoria,249.0
2023-02-17,zapallo,189.0
2023-02-18,zapallo,189.0
2023-02-20,zapallo,189.0
2023-02-21,zapallo,189.0
2023-02-22,zapallo,189.0
2023-02-23,zapallo,189.0
2023-02-24,zapallo,189.0
2023-02-25,zapallo,189.0
2023-02-26,zapallo,189.0
2023-02-27,zapallo,189.0
2023-02-28,zapallo,189.0
2023-03-01,zapallo,169.0
2023-03-02,zapallo,169.0
2023-03-03,zapallo,169.0
2023-03-04,zapallo,169.0
2023-03-05,zapallo,169.0
2023-03-06,zapallo,169.0
2023-03-07,zapallo,169.0
2023-03-08,zapallo,169.0
2023-03-09,zapallo,169.0
2023-03-10,zapallo,169.0
2023-03-11,zapallo,169.0
2023-03-12,zapallo,169.0
2023-03-13,zapallo,199.0
2023-03-14,zapallo,199.0
2023-03-15,zapallo,199.0
2023-03-16,zapallo,199.0
2023-03-17,zapallo,199.0
2023-03-18,zapallo,199.0
2023-02-17,tomate_envasado,595.12
2023-02-18,tomate_envasado,595.12
2023-02-20,tomate_envasado,595.12
2023-02-21,tomate_envasado,595.12
2023-02-22,tomate_envasado,595.12
2023-02-23,tomate_envasado,595.12
2023-02-24,tomate_envasado,595.12
2023-02-25,tomate_envasado,595.12
2023-02-26,tomate_envasado,595.12
2023-02-27,tomate_envasado,595.12
2023-02-28,tomate_envasado,595.12
2023-03-01,tomate_envasado,614.16
2023-03-02,tomate_envasado,614.16
2023-03-03,tomate_envasado,614.16
2023-03-04,tomate_envasado,614.16
2023-03-05,tomate_envasado,614.16
2023-03-06,tomate_envasado,614.16
2023-03-07,tomate_envasado,614.16
2023-03-08,tomate_envasado,614.16
2023-03-09,tomate_envasado,614.16
2023-03-10,tomate_envasado,614.16
2023-03-11,tomate_envasado,614.16
2023-03-12,tomate_envasado,614.16
2023-03-13,tomate_envasado,614.16
2023-03-14,tomate_envasado,614.16
2023-03-15,tomate_envasado,614.16
2023-03-16,tomate_envasado,614.16
2023-03-17,tomate_envasado,614.16
2023-03-18,tomate_envasado,614.16
2023-02-17,arvejas_en_lata,458.04
2023-02-18,arvejas_en_lata,458.04
2023-02-20,arvejas_en_lata,458.04
2023-02-21,arvejas_en_lata,458.04
2023-02-22,arvejas_en_lata,458.04
2023-02-23,arvejas_en_lata,458.04
2023-02-24,arvejas_en_lata,458.04
2023-02-25,arvejas_en_lata,458.04
2023-02-26,arvejas_en_lata,458.04
2023-02-27,arvejas_en_lata,458.04
2023-02-28,arvejas_en_lata,458.04
2023-03-01,arvejas_en_lata,509.04
2023-03-02,arvejas_en_lata,509.04
2023-03-03,arvejas_en_lata,509.04
2023-03-04,arvejas_en_lata,509.04
2023-03-05,arvejas_en_lata,509.04
2023-03-06,arvejas_en_lata,509.04
2023-03-07,arvejas_en_lata,509.04
2023-03-08,arvejas_en_lata,509.04
2023-03-09,arvejas_en_lata,509.04
2023-03-10,arvejas_en_lata,509.04
2023-03-11,arvejas_en_lata,509.04
2023-03-12,arvejas_en_lata,509.04
2023-03-13,arvejas_en_lata,509.04
2023-03-14,arvejas_en_lata,509.04
2023-03-15,arvejas_en_lata,509.04
2023-03-16,arvejas_en_lata,509.04
2023-03-17,arvejas_en_lata,509.04
2023-03-18,arvejas_en_lata,509.04
2023-02-17,lentejas_secas,857.92
2023-02-18,lentejas_secas,986.6
2023-02-20,lentejas_secas,986.6
2023-02-21,lentejas_secas,986.6
2023-02-22,lentejas_secas,986.6
2023-02-23,lentejas_secas,1085.25
2023-02-24,lentejas_secas,1085.25
2023-02-25,lentejas_secas,1085.25
2023-02-26,lentejas_secas,1085.25
2023-02-27,lentejas_secas,1085.25
2023-02-28,lentejas_secas,1085.25
2023-03-01,lentejas_secas,1085.25
2023-03-02,lentejas_secas,1085.25
2023-03-03,lentejas_secas,1085.25
2023-03-04,lentejas_secas,1193.77
2023-03-05,lentejas_secas,1193.77
2023-03-06,lentejas_secas,1193.77
2023-03-07,lentejas_secas,1193.77
2023-03-08,lentejas_secas,1193.77
2023-03-09,lentejas_secas,1193.77
2023-03-10,lentejas_secas,1193.77
2023-03-11,lentejas_secas,1193.77
2023-03-12,lentejas_secas,1193.77
2023-03-13,lentejas_secas,1313.15
2023-03-14,lentejas_secas,1313.15
2023-03-15,lentejas_secas,1313.15
2023-03-16,lentejas_secas,1313.15
2023-03-17,lentejas_secas,1313.15
2023-03-18,lentejas_secas,1313.15
2023-02-17,azucar,273.0
2023-02-18,azucar,273.0
2023-02-20,azucar,273.0
2023-02-21,azucar,273.0
2023-02-22,azucar,273.0
2023-02-23,azucar,273.0
2023-02-24,azucar,273.0
2023-02-25,azucar,273.0
2023-02-26,azucar,273.0
2023-02-27,azucar,273.0
2023-02-28,azucar,273.0
2023-03-01,azucar,281.74
2023-03-02,azucar,281.74
2023-03-03,azucar,281.74
2023-03-04,azucar,281.74
2023-03-05,azucar,281.74
2023-03-06,azucar,281.74
2023-03-07,azucar,281.74
2023-03-08,azucar,281.74
2023-03-09,azucar,281.74
2023-03-10,azucar,0.0
2023-03-11,azucar,0.0
2023-03-12,azucar,0.0
2023-03-13,azucar,0.0
2023-03-14,azucar,0.0
2023-03-15,azucar,304.22
2023-03-16,azucar,304.22
2023-03-17,azucar,304.22
2023-03-18,azucar,304.22
2023-02-17,dulce_de_batata,726.0
2023-02-18,dulce_de_batata,726.0
2023-02-20,dulce_de_batata,726.0
2023-02-21,dulce_de_batata,726.0
2023-02-22,dulce_de_batata,726.0
2023-02-23,dulce_de_batata,726.0
2023-02-24,dulce_de_batata,726.0
2023-02-25,dulce_de_batata,726.0
2023-02-26,dulce_de_batata,726.0
2023-02-27,dulce_de_batata,726.0
2023-02-28,dulce_de_batata,726.0
2023-03-01,dulce_de_batata,726.0
2023-03-02,dulce_de_batata,726.0
2023-03-03,dulce_de_batata,726.0
2023-03-04,dulce_de_batata,726.0
2023-03-05,dulce_de_batata,726.0
2023-03-06,dulce_de_batata,726.0
2023-03-07,dulce_de_batata,726.0
2023-03-08,dulce_de_batata,726.0
2023-03-09,dulce_de_batata,726.0
2023-03-10,dulce_de_batata,726.0
2023-03-11,dulce_de_batata,726.0
2023-03-12,dulce_de_batata,726.0
2023-03-13,dulce_de_batata,726.0
2023-03-14,dulce_de_batata,726.0
2023-03-15,dulce_de_batata,726.0
2023-03-16,dulce_de_batata,726.0
2023-03-17,dulce_de_batata,726.0
2023-03-18,dulce_de_batata,726.0
2023-02-17,mermelada,563.23
2023-02-18,mermelada,563.23
2023-02-20,mermelada,563.23
2023-02-21,mermelada,563.23
2023-02-22,mermelada,563.23
2023-02-23,mermelada,563.23
2023-02-24,mermelada,563.23
2023-02-25,mermelada,563.23
2023-02-26,mermelada,563.23
2023-02-27,mermelada,563.23
2023-02-28,mermelada,563.23
2023-03-01,mermelada,563.23
2023-03-02,mermelada,563.23
2023-03-03,mermelada,563.23
2023-03-04,mermelada,581.26
2023-03-05,mermelada,581.26
2023-03-06,mermelada,581.26
2023-03-07,mermelada,581.26
2023-03-08,mermelada,581.26
2023-03-09,mermelada,581.26
2023-03-10,mermelada,581.26
2023-03-11,mermelada,581.26
2023-03-12,mermelada,581.26
2023-03-13,mermelada,581.26
2023-03-14,mermelada,581.26
2023-03-15,mermelada,581.26
2023-03-16,mermelada,581.26
2023-03-17,mermelada,581.26
2023-03-18,mermelada,581.26
2023-02-17,sal_fina,306.5
2023-02-18,sal_fina,306.5
2023-02-20,sal_fina,306.5
2023-02-21,sal_fina,306.5
2023-02-22,sal_fina,306.5
2023-02-23,sal_fina,306.5
2023-02-24,sal_fina,306.5
2023-02-25,sal_fina,306.5
2023-02-26,sal_fina,306.5
2023-02-27,sal_fina,306.5
2023-02-28,sal_fina,306.5
2023-03-01,sal_fina,316.3
2023-03-02,sal_fina,316.3
2023-03-03,sal_fina,316.3
2023-03-04,sal_fina,316.3
2023-03-05,sal_fina,316.3
2023-03-06,sal_fina,316.3
2023-03-07,sal_fina,316.3
2023-03-08,sal_fina,316.3
2023-03-09,sal_fina,316.3
2023-03-10,sal_fina,316.3
2023-03-11,sal_fina,316.3
2023-03-12,sal_fina,316.3
2023-03-13,sal_fina,316.3
2023-03-14,sal_fina,316.3
2023-03-15,sal_fina,316.3
2023-03-16,sal_fina,316.3
2023-03-17,sal_fina,316.3
2023-03-18,sal_fina,316.3
2023-02-17,mayonesa,620.63
2023-02-18,mayonesa,620.63
2023-02-20,mayonesa,620.63
2023-02-21,mayonesa,620.63
2023-02-22,mayonesa,620.63
2023-02-23,mayonesa,620.63
2023-02-24,mayonesa,620.63
2023-02-25,mayonesa,620.63
2023-02-26,mayonesa,620.63
2023-02-27,mayonesa,620.63
2023-02-28,mayonesa,620.63
2023-03-01,mayonesa,640.49
2023-03-02,mayonesa,640.49
2023-03-03,mayonesa,640.49
2023-03-04,mayonesa,640.49
2023-03-05,mayonesa,640.49
2023-03-06,mayonesa,640.49
2023-03-07,mayonesa,640.49
2023-03-08,mayonesa,640.49
2023-03-09,mayonesa,640.49
2023-03-10,mayonesa,640.49
2023-03-11,mayonesa,640.49
2023-03-12,mayonesa,640.49
2023-03-13,mayonesa,640.49
2023-03-14,mayonesa,640.49
2023-03-15,mayonesa,640.49
2023-03-16,mayonesa,640.49
2023-03-17,mayonesa,640.49
2023-03-18,mayonesa,640.49
2023-02-17,vinagre,148.47
2023-02-18,vinagre,174.03
2023-02-20,vinagre,174.03
2023-02-21,vinagre,174.03
2023-02-22,vinagre,174.03
2023-02-23,vinagre,174.03
2023-02-24,vinagre,174.03
2023-02-25,vinagre,174.03
2023-02-26,vinagre,174.03
2023-02-27,vinagre,174.03
2023-02-28,vinagre,174.03
2023-03-01,vinagre,179.6
2023-03-02,vinagre,179.6
2023-03-03,vinagre,179.6
2023-03-04,vinagre,179.6
2023-03-05,vinagre,179.6
2023-03-06,vinagre,179.6
2023-03-07,vinagre,179.6
2023-03-08,vinagre,179.6
2023-03-09,vinagre,179.6
2023-03-10,vinagre,179.6
2023-03-11,vinagre,179.6
2023-03-12,vinagre,179.6
2023-03-13,vinagre,179.6
2023-03-14,vinagre,179.6
2023-03-15,vinagre,179.6
2023-03-16,vinagre,179.6
2023-03-17,vinagre,179.6
2023-03-18,vinagre,179.6
2023-02-17,caldo_concentrado,935.87
2023-02-18,caldo_concentrado,935.87
2023-02-20,caldo_concentrado,935.87
2023-02-21,caldo_concentrado,935.87
2023-02-22,caldo_concentrado,935.87
2023-02-23,caldo_concentrado,935.87
2023-02-24,caldo_concentrado,935.87
2023-02-25,caldo_concentrado,935.87
2023-02-26,caldo_concentrado,935.87
2023-02-27,caldo_concentrado,935.87
2023-02-28,caldo_concentrado,935.87
2023-03-01,caldo_concentrado,965.78
2023-03-02,caldo_concentrado,965.78
2023-03-03,caldo_concentrado,965.78
2023-03-04,caldo_concentrado,965.78
2023-03-05,caldo_concentrado,965.78
2023-03-06,caldo_concentrado,965.78
2023-03-07,caldo_concentrado,965.78
2023-03-08,caldo_concentrado,965.78
2023-03-09,caldo_concentrado,965.78
2023-03-10,caldo_concentrado,965.78
2023-03-11,caldo_concentrado,965.78
2023-03-12,caldo_concentrado,965.78
2023-03-13,caldo_concentrado,965.78
2023-03-14,caldo_concentrado,965.78
2023-03-15,caldo_concentrado,0.0
2023-03-16,caldo_concentrado,0.0
2023-03-17,caldo_concentrado,0.0
2023-03-18,caldo_concentrado,0.0
2023-02-17,gaseosas,87.04
2023-02-18,gaseosas,87.04
2023-02-20,gaseosas,87.04
2023-02-21,gaseosas,87.04
2023-02-22,gaseosas,87.04
2023-02-23,gaseosas,87.04
2023-02-24,gaseosas,87.04
2023-02-25,gaseosas,87.04
2023-02-26,gaseosas,87.04
2023-02-27,gaseosas,87.04
2023-02-28,gaseosas,87.04
2023-03-01,gaseosas,89.83
2023-03-02,gaseosas,89.83
2023-03-03,gaseosas,89.83
2023-03-04,gaseosas,89.83
2023-03-05,gaseosas,92.52
2023-03-06,gaseosas,89.83
2023-03-07,gaseosas,89.83
2023-03-08,gaseosas,89.83
2023-03-09,gaseosas,89.83
2023-03-10,gaseosas,89.83
2023-03-11,gaseosas,89.83
2023-03-12,gaseosas,89.83
2023-03-13,gaseosas,89.83
2023-03-14,gaseosas,89.83
2023-03-15,gaseosas,89.83
2023-03-16,gaseosas,89.83
2023-03-17,gaseosas,92.52
2023-03-18,gaseosas,92.52
2023-02-17,jugos_concentrados,217.73
2023-02-18,jugos_concentrados,217.73
2023-02-20,jugos_concentrados,217.73
2023-02-21,jugos_concentrados,217.73
2023-02-22,jugos_concentrados,217.73
2023-02-23,jugos_concentrados,217.73
2023-02-24,jugos_concentrados,217.73
2023-02-25,jugos_concentrados,217.73
2023-02-26,jugos_concentrados,217.73
2023-02-27,jugos_concentrados,217.73
2023-02-28,jugos_concentrados,217.73
2023-03-01,jugos_concentrados,224.67
2023-03-02,jugos_concentrados,224.67
2023-03-03,jugos_concentrados,224.67
2023-03-04,jugos_concentrados,224.67
2023-03-05,jugos_concentrados,224.67
2023-03-06,jugos_concentrados,224.67
2023-03-07,jugos_concentrados,224.67
2023-03-08,jugos_concentrados,224.67
2023-03-09,jugos_concentrados,224.67
2023-03-10,jugos_concentrados,224.67
2023-03-11,jugos_concentrados,224.67
2023-03-12,jugos_concentrados,224.67
2023-03-13,jugos_concentrados,224.67
2023-03-14,jugos_concentrados,224.67
2023-03-15,jugos_concentrados,224.67
2023-03-16,jugos_concentrados,224.67
2023-03-17,jugos_concentrados,224.67
2023-03-18,jugos_concentrados,224.67
2023-02-17,soda,104.48
2023-02-18,soda,104.48
2023-02-20,soda,104.48
2023-02-21,soda,104.48
2023-02-22,soda,104.48
2023-02-23,soda,104.48
2023-02-24,soda,104.48
2023-02-25,soda,104.48
2023-02-26,soda,104.48
2023-02-27,soda,104.48
2023-02-28,soda,104.48
2023-03-01,soda,107.82
2023-03-02,soda,107.82
2023-03-03,soda,107.82
2023-03-04,soda,107.82
2023-03-05,soda,107.82
2023-03-06,soda,107.82
2023-03-07,soda,107.82
2023-03-08,soda,107.82
2023-03-09,soda,107.82
2023-03-10,soda,107.82
2023-03-11,soda,107.82
2023-03-12,soda,107.82
2023-03-13,soda,107.82
2023-03-14,soda,107.82
2023-03-15,soda,107.82
2023-03-16,soda,107.82
2023-03-17,soda,107.82
2023-03-18,soda,117.5
2023-02-17,cerveza,161.64
2023-02-18,cerveza,161.64
2023-02-20,cerveza,161.64
2023-02-21,cerveza,161.64
2023-02-22,cerveza,161.64
2023-02-23,cerveza,161.64
2023-02-24,cerveza,161.64
2023-02-25,cerveza,161.64
2023-02-26,cerveza,161.64
2023-02-27,cerveza,161.64
2023-02-28,cerveza,161.64
2023-03-01,cerveza,161.64
2023-03-02,cerveza,167.0
2023-03-03,cerveza,167.0
2023-03-04,cerveza,167.0
2023-03-05,cerveza,167.0
2023-03-06,cerveza,397.0
2023-03-07,cerveza,397.0
2023-03-08,cerveza,397.0
2023-03-09,cerveza,397.0
2023-03-10,cerveza,397.0
2023-03-11,cerveza,397.0
2023-03-12,cerveza,397.0
2023-03-13,cerveza,397.0
2023-03-14,cerveza,397.0
2023-03-15,cerveza,397.0
2023-03-16,cerveza,397.0
2023-03-17,cerveza,397.0
2023-03-18,cerveza,397.0
2023-02-17,vino,440.0
2023-02-18,vino,440.0
2023-02-20,vino,440.0
2023-02-21,vino,440.0
2023-02-22,vino,440.0
2023-02-23,vino,440.0
2023-02-24,vino,440.0
2023-02-25,vino,440.0
2023-02-26,vino,440.0
2023-02-27,vino,440.0
2023-02-28,vino,440.0
2023-03-01,vino,440.0
2023-03-02,vino,454.0
2023-03-03,vino,454.0
2023-03-04,vino,454.0
2023-03-05,vino,454.0
2023-03-06,vino,454.0
2023-03-07,vino,454.0
2023-03-08,vino,454.0
2023-03-09,vino,454.0
2023-03-10,vino,454.0
2023-03-11,vino,454.0
2023-03-12,vino,454.0
2023-03-13,vino,454.0
2023-03-14,vino,454.0
2023-03-15,vino,454.0
2023-03-16,vino,454.0
2023-03-17,vino,454.0
2023-03-18,vino,454.0
2023-02-17,cafe,830.58
2023-02-18,cafe,830.58
2023-02-20,cafe,830.58
2023-02-21,cafe,830.58
2023-02-22,cafe,830.58
2023-02-23,cafe,830.58
2023-02-24,cafe,830.58
2023-02-25,cafe,830.6
2023-02-26,cafe,830.6
2023-02-27,cafe,830.6
2023-02-28,cafe,830.6
2023-03-01,cafe,830.6
2023-03-02,cafe,830.6
2023-03-03,cafe,830.6
2023-03-04,cafe,830.6
2023-03-05,cafe,830.6
2023-03-06,cafe,830.6
2023-03-07,cafe,830.6
2023-03-08,cafe,830.6
2023-03-09,cafe,830.6
2023-03-10,cafe,830.6
2023-03-11,cafe,830.58
2023-03-12,cafe,830.58
2023-03-13,cafe,830.58
2023-03-14,cafe,830.58
2023-03-15,cafe,830.58
2023-03-16,cafe,830.58
2023-03-17,cafe,830.58
2023-03-18,cafe,830.58
2023-02-17,yerba,770.85
2023-02-18,yerba,770.85
2023-02-20,yerba,770.85
2023-02-21,yerba,770.85
2023-02-22,yerba,770.85
2023-02-23,yerba,770.85
2023-02-24,yerba,770.85
2023-02-25,yerba,770.8
2023-02-26,yerba,770.8
2023-02-27,yerba,770.8
2023-02-28,yerba,770.8
2023-03-01,yerba,770.8
2023-03-02,yerba,770.8
2023-03-03,yerba,770.8
2023-03-04,yerba,770.8
2023-03-05,yerba,770.8
2023-03-06,yerba,770.8
2023-03-07,yerba,770.8
2023-03-08,yerba,770.8
2023-03-09,yerba,770.8
2023-03-10,yerba,770.8
2023-03-11,yerba,770.85
2023-03-12,yerba,770.85
2023-03-13,yerba,770.85
2023-03-14,yerba,770.85
2023-03-15,yerba,770.85
2023-03-16,yerba,770.85
2023-03-17,yerba,770.85
2023-03-18,yerba,770.85
2023-02-17,te_en_saquitos,418.56
2023-02-18,te_en_saquitos,418.56
2023-02-20,te_en_saquitos,418.56
2023-02-21,te_en_saquitos,418.56
2023-02-22,te_en_saquitos,418.56
2023-02-23,te_en_saquitos,418.56
2023-02-24,te_en_saquitos,418.56
2023-02-25,te_en_saquitos,418.6
2023-02-26,te_en_saquitos,418.6
2023-02-27,te_en_saquitos,418.6
2023-02-28,te_en_saquitos,418.6
2023-03-01,te_en_saquitos,418.6
2023-03-02,te_en_saquitos,418.6
2023-03-03,te_en_saquitos,418.6
2023-03-04,te_en_saquitos,418.6
2023-03-05,te_en_saquitos,418.6
2023-03-06,te_en_saquitos,418.6
2023-03-07,te_en_saquitos,418.6
2023-03-08,te_en_saquitos,418.6
2023-03-09,te_en_saquitos,418.6
2023-03-10,te_en_saquitos,418.6
2023-03-11,te_en_saquitos,418.56
2023-03-12,te_en_saquitos,418.56
2023-03-13,te_en_saquitos,418.56
2023-03-14,te_en_saquitos,418.56
2023-03-15,te_en_saquitos,418.56
2023-03-16,te_en_saquitos,418.56
2023-03-17,te_en_saquitos,418.56
2023-03-18,te_en_saquitos,418.56
